File,Width,Height,Background,Use
Chipstrat-Horizontal-Logo.png,2400,276,Transparent,Primary horizontal logo
Chipstrat-Horizontal-Logo-Light.png,2400,276,Transparent,Light horizontal logo
Chipstrat-Horizontal-Logo-Black.png,2400,276,Transparent,Black horizontal logo
Chipstrat-Horizontal-Logo-White.png,2400,276,Transparent,White horizontal logo
Chipstrat-Wordmark.png,2400,322,Transparent,Wordmark only
Chipstrat-Square-Logo.png,2048,2048,Solid,Square logo / light
Chipstrat-Square-Logo-Dark.png,2048,2048,Solid,Square logo / dark
Chipstrat-Logo-Transparent.png,2048,2048,Transparent,Transparent chip mark
Chipstrat-Logo-White-Transparent.png,2048,2048,Transparent,White chip mark
Chipstrat-Logo-Compact.png,378,378,Transparent,Compact circuit mark
Chipstrat-Stacked-Logo-Transparent.png,2400,2568,Transparent,Stacked chip and wordmark
Chipstrat-Stacked-Logo.png,1200,1300,Solid,Stacked logo / solid
Chipstrat-Substack-Logo.png,1024,1024,Transparent,Publication logo
Chipstrat-Substack-Wordmark.png,1344,256,Transparent,Website wordmark
Chipstrat-Substack-Header-Logo.png,1344,256,Transparent,Website header with chip
Chipstrat-Substack-Email-Banner-Transparent.png,1100,220,Transparent,Email banner / transparent
Chipstrat-Substack-Email-Banner.png,1100,220,Solid,Email banner / solid
Chipstrat-Substack-Welcome-Cover.png,1200,1200,Solid,Welcome cover
Chipstrat-Substack-Post-Preview.png,1200,630,Solid,Post preview / wide
Chipstrat-Substack-Post-Preview-14x10.png,1400,1000,Solid,Post preview / 14:10
Chipstrat-X-Logo.png,2048,2048,Solid,X profile / light
Chipstrat-X-Banner.png,1500,500,Solid,X banner / light
Chipstrat-X-Logo-Dark.png,2048,2048,Solid,X profile / dark
Chipstrat-X-Banner-Dark.png,1500,500,Solid,X banner / dark
Chipstrat-LinkedIn-Logo.png,400,400,Solid,LinkedIn company logo
Chipstrat-LinkedIn-Company-Banner.png,1512,256,Solid,Company page banner / light
Chipstrat-LinkedIn-Personal-Banner.png,1584,396,Solid,Personal profile banner / light
Chipstrat-LinkedIn-Company-Banner-Dark.png,1512,256,Solid,Company page banner / dark
Chipstrat-LinkedIn-Personal-Banner-Dark.png,1584,396,Solid,Personal profile banner / dark
Chipstrat-LinkedIn-Article-Cover.png,2000,600,Solid,Article / newsletter cover
Chipstrat-Link-Preview.png,1200,630,Solid,Website / link preview
Chipstrat-Social-Square.png,1080,1080,Solid,Square brand card
Chipstrat-Social-Portrait.png,1080,1350,Solid,Portrait brand card
Chipstrat-Social-Landscape.png,1920,1080,Solid,Landscape brand card
Chipstrat-YouTube-Logo.png,800,800,Solid,YouTube profile
Chipstrat-YouTube-Banner.png,2560,1440,Solid,YouTube channel banner
Chipstrat-Email-Signature.png,640,128,Transparent,Email signature logo
Chipstrat-Web-Favicon-16.png,16,16,Solid,Web icon / 16px
Chipstrat-Web-Favicon-32.png,32,32,Solid,Web icon / 32px
Chipstrat-Web-Favicon-48.png,48,48,Solid,Web icon / 48px
Chipstrat-Web-Favicon-64.png,64,64,Solid,Web icon / 64px
Chipstrat-Web-Apple-Touch-Icon-180.png,180,180,Solid,Web icon / 180px
Chipstrat-Web-App-Icon-192.png,192,192,Solid,Web icon / 192px
Chipstrat-Web-App-Icon-512.png,512,512,Solid,Web icon / 512px
